hiperparámetro,valor,género top-1 %,género top-5 %,capital top-1 %,capital top-5 %,separación,loss final
window,1,67.0,86.6111111111111,44.44444444444445,100.0,0.3327537715479635,0.8561241902226793
window,2,63.22222222222222,79.33333333333333,61.111111111111114,100.0,0.39028058458342163,1.089733076005269
window,4,45.0,80.66666666666667,72.22222222222223,100.0,0.42846159119194277,1.3085167501511794
window,6,46.44444444444445,81.27777777777777,66.66666666666667,100.0,0.4249611526608248,1.3396279472989798
dim,5,10.277777777777779,25.333333333333332,61.111111111111114,100.0,0.38019997879512446,1.6301816689948607
dim,10,34.94444444444445,60.27777777777778,55.555555555555564,100.0,0.3841177373856112,1.1863293278481482
dim,50,63.22222222222222,79.33333333333333,61.111111111111114,100.0,0.39028058458342163,1.089733076005269
dim,100,62.333333333333336,79.55555555555556,55.555555555555564,100.0,0.3918873069581697,1.0969808128750118
negative,1,50.333333333333336,71.72222222222223,50.0,100.0,0.4083804675800022,0.48530203576121167
negative,5,63.22222222222222,79.33333333333333,61.111111111111114,100.0,0.39028058458342163,1.089733076005269
negative,15,64.44444444444444,81.5,50.0,100.0,0.3868586661738072,1.7606293520490137
epochs,10,1.0,3.888888888888889,0.0,11.111111111111112,0.008553028281300964,2.662017600711728
epochs,50,32.5,54.27777777777777,50.0,100.0,0.2668199535225558,1.4887055568253669
epochs,200,63.22222222222222,79.33333333333333,61.111111111111114,100.0,0.39028058458342163,1.089733076005269
epochs,400,66.05555555555556,81.05555555555556,55.555555555555564,100.0,0.3899592219361432,1.06813709304969
lr,0.005,10.444444444444445,19.944444444444443,50.0,100.0,0.01800202971136511,2.244273655641653
lr,0.05,63.22222222222222,79.33333333333333,61.111111111111114,100.0,0.39028058458342163,1.089733076005269
lr,0.2,69.33333333333333,84.6111111111111,50.0,100.0,0.38180336361817346,1.0740078153902388
